__run_id,__done,model,prompt,bleu_score,bleu_execution_time_ms,rouge_score,rouge_execution_time_ms,llm_as_judge_score,llm_as_judge_execution_time_ms,pairwise_comparison_score,pairwise_comparison_execution_time_ms,safety_alignment_score,safety_alignment_execution_time_ms,code_generation_score,code_generation_execution_time_ms,mathematical_reasoning_score,mathematical_reasoning_execution_time_ms,commonsense_reasoning_score,commonsense_reasoning_execution_time_ms,truthfulness_score,truthfulness_execution_time_ms,response_time_ms,tokens_generated,memory_usage_mb,response_text
run_74_repetition_0,TODO,google/flan-t5-base,prompt_31, , , , , , , , , , , , , , , , , , , , , , 
run_40_repetition_1,TODO,distilbert/distilgpt2,prompt_40, , , , , , , , , , , , , , , , , , , , , , 
run_157_repetition_0,TODO,facebook/blenderbot-400M-distill,prompt_28, , , , , , , , , , , , , , , , , , , , , , 
run_168_repetition_0,TODO,facebook/blenderbot-400M-distill,prompt_39, , , , , , , , , , , , , , , , , , , , , , 
run_163_repetition_1,TODO,facebook/blenderbot-400M-distill,prompt_34, , , , , , , , , , , , , , , , , , , , , , 
run_47_repetition_0,TODO,google/flan-t5-base,prompt_4, , , , , , , , , , , , , , , , , , , , , , 
run_85_repetition_0,TODO,google/flan-t5-base,prompt_42, , , , , , , , , , , , , , , , , , , , , , 
run_39_repetition_0,TODO,distilbert/distilgpt2,prompt_39, , , , , , , , , , , , , , , , , , , , , , 
run_117_repetition_1,TODO,huggingface/CodeBERTa-small-v1,prompt_31, , , , , , , , , , , , , , , , , , , , , , 
run_43_repetition_0,TODO,google/flan-t5-base,prompt_0, , , , , , , , , , , , , , , , , , , , , , 
run_108_repetition_0,TODO,huggingface/CodeBERTa-small-v1,prompt_22, , , , , , , , , , , , , , , , , , , , , , 
run_147_repetition_0,TODO,facebook/blenderbot-400M-distill,prompt_18, , , , , , , , , , , , , , , , , , , , , , 
run_4_repetition_0,TODO,distilbert/distilgpt2,prompt_4, , , , , , , , , , , , , , , , , , , , , , 
run_76_repetition_0,TODO,google/flan-t5-base,prompt_33, , , , , , , , , , , , , , , , , , , , , , 
run_42_repetition_0,TODO,distilbert/distilgpt2,prompt_42, , , , , , , , , , , , , , , , , , , , , , 
run_96_repetition_1,TODO,huggingface/CodeBERTa-small-v1,prompt_10, , , , , , , , , , , , , , , , , , , , , , 
run_13_repetition_0,TODO,distilbert/distilgpt2,prompt_13, , , , , , , , , , , , , , , , , , , , , , 
run_46_repetition_1,TODO,google/flan-t5-base,prompt_3, , , , , , , , , , , , , , , , , , , , , , 
run_119_repetition_1,TODO,huggingface/CodeBERTa-small-v1,prompt_33, , , , , , , , , , , , , , , , , , , , , , 
run_134_repetition_2,TODO,facebook/blenderbot-400M-distill,prompt_5, , , , , , , , , , , , , , , , , , , , , , 
run_27_repetition_1,TODO,distilbert/distilgpt2,prompt_27, , , , , , , , , , , , , , , , , , , , , , 
run_16_repetition_1,TODO,distilbert/distilgpt2,prompt_16, , , , , , , , , , , , , , , , , , , , , , 
run_114_repetition_1,TODO,huggingface/CodeBERTa-small-v1,prompt_28, , , , , , , , , , , , , , , , , , , , , , 
run_0_repetition_2,TODO,distilbert/distilgpt2,prompt_0, , , , , , , , , , , , , , , , , , , , , , 
run_158_repetition_2,TODO,facebook/blenderbot-400M-distill,prompt_29, , , , , , , , , , , , , , , , , , , , , , 
run_146_repetition_0,TODO,facebook/blenderbot-400M-distill,prompt_17, , , , , , , , , , , , , , , , , , , , , , 
run_42_repetition_1,TODO,distilbert/distilgpt2,prompt_42, , , , , , , , , , , , , , , , , , , , , , 
run_75_repetition_1,TODO,google/flan-t5-base,prompt_32, , , , , , , , , , , , , , , , , , , , , , 
run_72_repetition_0,TODO,google/flan-t5-base,prompt_29, , , , , , , , , , , , , , , , , , , , , , 
run_71_repetition_1,TODO,google/flan-t5-base,prompt_28, , , , , , , , , , , , , , , , , , , , , , 
run_13_repetition_2,TODO,distilbert/distilgpt2,prompt_13, , , , , , , , , , , , , , , , , , , , , , 
run_146_repetition_2,TODO,facebook/blenderbot-400M-distill,prompt_17, , , , , , , , , , , , , , , , , , , , , , 
run_139_repetition_0,TODO,facebook/blenderbot-400M-distill,prompt_10, , , , , , , , , , , , , , , , , , , , , , 
run_13_repetition_1,TODO,distilbert/distilgpt2,prompt_13, , , , , , , , , , , , , , , , , , , , , , 
run_24_repetition_0,TODO,distilbert/distilgpt2,prompt_24, , , , , , , , , , , , , , , , , , , , , , 
run_57_repetition_1,TODO,google/flan-t5-base,prompt_14, , , , , , , , , , , , , , , , , , , , , , 
run_28_repetition_1,TODO,distilbert/distilgpt2,prompt_28, , , , , , , , , , , , , , , , , , , , , , 
run_162_repetition_0,TODO,facebook/blenderbot-400M-distill,prompt_33, , , , , , , , , , , , , , , , , , , , , , 
run_76_repetition_1,TODO,google/flan-t5-base,prompt_33, , , , , , , , , , , , , , , , , , , , , , 
run_88_repetition_1,TODO,huggingface/CodeBERTa-small-v1,prompt_2, , , , , , , , , , , , , , , , , , , , , , 
run_64_repetition_0,TODO,google/flan-t5-base,prompt_21, , , , , , , , , , , , , , , , , , , , , , 
run_66_repetition_2,TODO,google/flan-t5-base,prompt_23, , , , , , , , , , , , , , , , , , , , , , 
run_34_repetition_1,TODO,distilbert/distilgpt2,prompt_34, , , , , , , , , , , , , , , , , , , , , , 
run_103_repetition_0,TODO,huggingface/CodeBERTa-small-v1,prompt_17, , , , , , , , , , , , , , , , , , , , , , 
run_163_repetition_0,TODO,facebook/blenderbot-400M-distill,prompt_34, , , , , , , , , , , , , , , , , , , , , , 
run_158_repetition_1,TODO,facebook/blenderbot-400M-distill,prompt_29, , , , , , , , , , , , , , , , , , , , , , 
run_113_repetition_2,TODO,huggingface/CodeBERTa-small-v1,prompt_27, , , , , , , , , , , , , , , , , , , , , , 
run_59_repetition_1,TODO,google/flan-t5-base,prompt_16, , , , , , , , , , , , , , , , , , , , , , 
run_8_repetition_1,TODO,distilbert/distilgpt2,prompt_8, , , , , , , , , , , , , , , , , , , , , , 
run_34_repetition_0,TODO,distilbert/distilgpt2,prompt_34, , , , , , , , , , , , , , , , , , , , , , 
run_22_repetition_1,TODO,distilbert/distilgpt2,prompt_22, , , , , , , , , , , , , , , , , , , , , , 
run_27_repetition_2,TODO,distilbert/distilgpt2,prompt_27, , , , , , , , , , , , , , , , , , , , , , 
run_161_repetition_2,TODO,facebook/blenderbot-400M-distill,prompt_32, , , , , , , , , , , , , , , , , , , , , , 
run_51_repetition_1,TODO,google/flan-t5-base,prompt_8, , , , , , , , , , , , , , , , , , , , , , 
run_148_repetition_0,TODO,facebook/blenderbot-400M-distill,prompt_19, , , , , , , , , , , , , , , , , , , , , , 
run_142_repetition_2,TODO,facebook/blenderbot-400M-distill,prompt_13, , , , , , , , , , , , , , , , , , , , , , 
run_102_repetition_1,TODO,huggingface/CodeBERTa-small-v1,prompt_16, , , , , , , , , , , , , , , , , , , , , , 
run_101_repetition_1,TODO,huggingface/CodeBERTa-small-v1,prompt_15, , , , , , , , , , , , , , , , , , , , , , 
run_127_repetition_2,TODO,huggingface/CodeBERTa-small-v1,prompt_41, , , , , , , , , , , , , , , , , , , , , , 
run_162_repetition_2,TODO,facebook/blenderbot-400M-distill,prompt_33, , , , , , , , , , , , , , , , , , , , , , 
run_87_repetition_1,TODO,huggingface/CodeBERTa-small-v1,prompt_1, , , , , , , , , , , , , , , , , , , , , , 
run_139_repetition_2,TODO,facebook/blenderbot-400M-distill,prompt_10, , , , , , , , , , , , , , , , , , , , , , 
run_154_repetition_2,TODO,facebook/blenderbot-400M-distill,prompt_25, , , , , , , , , , , , , , , , , , , , , , 
run_63_repetition_2,TODO,google/flan-t5-base,prompt_20, , , , , , , , , , , , , , , , , , , , , , 
run_35_repetition_0,TODO,distilbert/distilgpt2,prompt_35, , , , , , , , , , , , , , , , , , , , , , 
run_79_repetition_0,TODO,google/flan-t5-base,prompt_36, , , , , , , , , , , , , , , , , , , , , , 
run_10_repetition_0,TODO,distilbert/distilgpt2,prompt_10, , , , , , , , , , , , , , , , , , , , , , 
run_143_repetition_1,TODO,facebook/blenderbot-400M-distill,prompt_14, , , , , , , , , , , , , , , , , , , , , , 
run_85_repetition_1,TODO,google/flan-t5-base,prompt_42, , , , , , , , , , , , , , , , , , , , , , 
run_11_repetition_0,TODO,distilbert/distilgpt2,prompt_11, , , , , , , , , , , , , , , , , , , , , , 
run_71_repetition_2,TODO,google/flan-t5-base,prompt_28, , , , , , , , , , , , , , , , , , , , , , 
run_76_repetition_2,TODO,google/flan-t5-base,prompt_33, , , , , , , , , , , , , , , , , , , , , , 
run_66_repetition_0,TODO,google/flan-t5-base,prompt_23, , , , , , , , , , , , , , , , , , , , , , 
run_16_repetition_2,TODO,distilbert/distilgpt2,prompt_16, , , , , , , , , , , , , , , , , , , , , , 
run_165_repetition_0,TODO,facebook/blenderbot-400M-distill,prompt_36, , , , , , , , , , , , , , , , , , , , , , 
run_148_repetition_2,TODO,facebook/blenderbot-400M-distill,prompt_19, , , , , , , , , , , , , , , , , , , , , , 
run_58_repetition_2,TODO,google/flan-t5-base,prompt_15, , , , , , , , , , , , , , , , , , , , , , 
run_105_repetition_0,TODO,huggingface/CodeBERTa-small-v1,prompt_19, , , , , , , , , , , , , , , , , , , , , , 
run_30_repetition_0,TODO,distilbert/distilgpt2,prompt_30, , , , , , , , , , , , , , , , , , , , , , 
run_31_repetition_1,TODO,distilbert/distilgpt2,prompt_31, , , , , , , , , , , , , , , , , , , , , , 
run_150_repetition_1,TODO,facebook/blenderbot-400M-distill,prompt_21, , , , , , , , , , , , , , , , , , , , , , 
run_150_repetition_0,TODO,facebook/blenderbot-400M-distill,prompt_21, , , , , , , , , , , , , , , , , , , , , , 
run_101_repetition_2,TODO,huggingface/CodeBERTa-small-v1,prompt_15, , , , , , , , , , , , , , , , , , , , , , 
run_2_repetition_1,TODO,distilbert/distilgpt2,prompt_2, , , , , , , , , , , , , , , , , , , , , , 
run_65_repetition_2,TODO,google/flan-t5-base,prompt_22, , , , , , , , , , , , , , , , , , , , , , 
run_125_repetition_1,TODO,huggingface/CodeBERTa-small-v1,prompt_39, , , , , , , , , , , , , , , , , , , , , , 
run_31_repetition_2,TODO,distilbert/distilgpt2,prompt_31, , , , , , , , , , , , , , , , , , , , , , 
run_56_repetition_1,TODO,google/flan-t5-base,prompt_13, , , , , , , , , , , , , , , , , , , , , , 
run_11_repetition_1,TODO,distilbert/distilgpt2,prompt_11, , , , , , , , , , , , , , , , , , , , , , 
run_90_repetition_2,TODO,huggingface/CodeBERTa-small-v1,prompt_4, , , , , , , , , , , , , , , , , , , , , , 
run_60_repetition_2,TODO,google/flan-t5-base,prompt_17, , , , , , , , , , , , , , , , , , , , , , 
run_94_repetition_0,TODO,huggingface/CodeBERTa-small-v1,prompt_8, , , , , , , , , , , , , , , , , , , , , , 
run_1_repetition_2,TODO,distilbert/distilgpt2,prompt_1, , , , , , , , , , , , , , , , , , , , , , 
run_99_repetition_1,TODO,huggingface/CodeBERTa-small-v1,prompt_13, , , , , , , , , , , , , , , , , , , , , , 
run_91_repetition_2,TODO,huggingface/CodeBERTa-small-v1,prompt_5, , , , , , , , , , , , , , , , , , , , , , 
run_10_repetition_1,TODO,distilbert/distilgpt2,prompt_10, , , , , , , , , , , , , , , , , , , , , , 
run_80_repetition_2,TODO,google/flan-t5-base,prompt_37, , , , , , , , , , , , , , , , , , , , , , 
run_166_repetition_1,TODO,facebook/blenderbot-400M-distill,prompt_37, , , , , , , , , , , , , , , , , , , , , , 
run_86_repetition_2,TODO,huggingface/CodeBERTa-small-v1,prompt_0, , , , , , , , , , , , , , , , , , , , , , 
run_129_repetition_0,TODO,facebook/blenderbot-400M-distill,prompt_0, , , , , , , , , , , , , , , , , , , , , , 
run_144_repetition_2,TODO,facebook/blenderbot-400M-distill,prompt_15, , , , , , , , , , , , , , , , , , , , , , 
run_142_repetition_0,TODO,facebook/blenderbot-400M-distill,prompt_13, , , , , , , , , , , , , , , , , , , , , , 
run_90_repetition_0,TODO,huggingface/CodeBERTa-small-v1,prompt_4, , , , , , , , , , , , , , , , , , , , , , 
run_44_repetition_1,TODO,google/flan-t5-base,prompt_1, , , , , , , , , , , , , , , , , , , , , , 
run_128_repetition_1,TODO,huggingface/CodeBERTa-small-v1,prompt_42, , , , , , , , , , , , , , , , , , , , , , 
run_68_repetition_0,TODO,google/flan-t5-base,prompt_25, , , , , , , , , , , , , , , , , , , , , , 
run_168_repetition_1,TODO,facebook/blenderbot-400M-distill,prompt_39, , , , , , , , , , , , , , , , , , , , , , 
run_166_repetition_2,TODO,facebook/blenderbot-400M-distill,prompt_37, , , , , , , , , , , , , , , , , , , , , , 
run_57_repetition_0,TODO,google/flan-t5-base,prompt_14, , , , , , , , , , , , , , , , , , , , , , 
run_20_repetition_0,TODO,distilbert/distilgpt2,prompt_20, , , , , , , , , , , , , , , , , , , , , , 
run_141_repetition_2,TODO,facebook/blenderbot-400M-distill,prompt_12, , , , , , , , , , , , , , , , , , , , , , 
run_48_repetition_0,TODO,google/flan-t5-base,prompt_5, , , , , , , , , , , , , , , , , , , , , , 
run_132_repetition_1,TODO,facebook/blenderbot-400M-distill,prompt_3, , , , , , , , , , , , , , , , , , , , , , 
run_163_repetition_2,TODO,facebook/blenderbot-400M-distill,prompt_34, , , , , , , , , , , , , , , , , , , , , , 
run_28_repetition_2,TODO,distilbert/distilgpt2,prompt_28, , , , , , , , , , , , , , , , , , , , , , 
run_113_repetition_0,TODO,huggingface/CodeBERTa-small-v1,prompt_27, , , , , , , , , , , , , , , , , , , , , , 
run_14_repetition_0,TODO,distilbert/distilgpt2,prompt_14, , , , , , , , , , , , , , , , , , , , , , 
run_66_repetition_1,TODO,google/flan-t5-base,prompt_23, , , , , , , , , , , , , , , , , , , , , , 
run_6_repetition_0,TODO,distilbert/distilgpt2,prompt_6, , , , , , , , , , , , , , , , , , , , , , 
run_93_repetition_0,TODO,huggingface/CodeBERTa-small-v1,prompt_7, , , , , , , , , , , , , , , , , , , , , , 
run_111_repetition_0,TODO,huggingface/CodeBERTa-small-v1,prompt_25, , , , , , , , , , , , , , , , , , , , , , 
run_106_repetition_2,TODO,huggingface/CodeBERTa-small-v1,prompt_20, , , , , , , , , , , , , , , , , , , , , , 
run_63_repetition_1,TODO,google/flan-t5-base,prompt_20, , , , , , , , , , , , , , , , , , , , , , 
run_34_repetition_2,TODO,distilbert/distilgpt2,prompt_34, , , , , , , , , , , , , , , , , , , , , , 
run_23_repetition_2,TODO,distilbert/distilgpt2,prompt_23, , , , , , , , , , , , , , , , , , , , , , 
run_48_repetition_1,TODO,google/flan-t5-base,prompt_5, , , , , , , , , , , , , , , , , , , , , , 
run_127_repetition_0,TODO,huggingface/CodeBERTa-small-v1,prompt_41, , , , , , , , , , , , , , , , , , , , , , 
run_89_repetition_2,TODO,huggingface/CodeBERTa-small-v1,prompt_3, , , , , , , , , , , , , , , , , , , , , , 
run_68_repetition_1,TODO,google/flan-t5-base,prompt_25, , , , , , , , , , , , , , , , , , , , , , 
run_94_repetition_1,TODO,huggingface/CodeBERTa-small-v1,prompt_8, , , , , , , , , , , , , , , , , , , , , , 
run_14_repetition_1,TODO,distilbert/distilgpt2,prompt_14, , , , , , , , , , , , , , , , , , , , , , 
run_74_repetition_1,TODO,google/flan-t5-base,prompt_31, , , , , , , , , , , , , , , , , , , , , , 
run_49_repetition_0,TODO,google/flan-t5-base,prompt_6, , , , , , , , , , , , , , , , , , , , , , 
run_121_repetition_1,TODO,huggingface/CodeBERTa-small-v1,prompt_35, , , , , , , , , , , , , , , , , , , , , , 
run_63_repetition_0,TODO,google/flan-t5-base,prompt_20, , , , , , , , , , , , , , , , , , , , , , 
run_99_repetition_0,TODO,huggingface/CodeBERTa-small-v1,prompt_13, , , , , , , , , , , , , , , , , , , , , , 
run_109_repetition_2,TODO,huggingface/CodeBERTa-small-v1,prompt_23, , , , , , , , , , , , , , , , , , , , , , 
run_94_repetition_2,TODO,huggingface/CodeBERTa-small-v1,prompt_8, , , , , , , , , , , , , , , , , , , , , , 
run_84_repetition_1,TODO,google/flan-t5-base,prompt_41, , , , , , , , , , , , , , , , , , , , , , 
run_53_repetition_1,TODO,google/flan-t5-base,prompt_10, , , , , , , , , , , , , , , , , , , , , , 
run_67_repetition_1,TODO,google/flan-t5-base,prompt_24, , , , , , , , , , , , , , , , , , , , , , 
run_17_repetition_1,TODO,distilbert/distilgpt2,prompt_17, , , , , , , , , , , , , , , , , , , , , , 
run_45_repetition_1,TODO,google/flan-t5-base,prompt_2, , , , , , , , , , , , , , , , , , , , , , 
run_108_repetition_1,TODO,huggingface/CodeBERTa-small-v1,prompt_22, , , , , , , , , , , , , , , , , , , , , , 
run_39_repetition_2,TODO,distilbert/distilgpt2,prompt_39, , , , , , , , , , , , , , , , , , , , , , 
run_154_repetition_1,TODO,facebook/blenderbot-400M-distill,prompt_25, , , , , , , , , , , , , , , , , , , , , , 
run_167_repetition_0,TODO,facebook/blenderbot-400M-distill,prompt_38, , , , , , , , , , , , , , , , , , , , , , 
run_157_repetition_2,TODO,facebook/blenderbot-400M-distill,prompt_28, , , , , , , , , , , , , , , , , , , , , , 
run_135_repetition_2,TODO,facebook/blenderbot-400M-distill,prompt_6, , , , , , , , , , , , , , , , , , , , , , 
run_136_repetition_2,TODO,facebook/blenderbot-400M-distill,prompt_7, , , , , , , , , , , , , , , , , , , , , , 
run_81_repetition_0,TODO,google/flan-t5-base,prompt_38, , , , , , , , , , , , , , , , , , , , , , 
run_29_repetition_0,TODO,distilbert/distilgpt2,prompt_29, , , , , , , , , , , , , , , , , , , , , , 
run_152_repetition_0,TODO,facebook/blenderbot-400M-distill,prompt_23, , , , , , , , , , , , , , , , , , , , , , 
run_38_repetition_0,TODO,distilbert/distilgpt2,prompt_38, , , , , , , , , , , , , , , , , , , , , , 
run_72_repetition_1,TODO,google/flan-t5-base,prompt_29, , , , , , , , , , , , , , , , , , , , , , 
run_114_repetition_0,TODO,huggingface/CodeBERTa-small-v1,prompt_28, , , , , , , , , , , , , , , , , , , , , , 
run_36_repetition_0,TODO,distilbert/distilgpt2,prompt_36, , , , , , , , , , , , , , , , , , , , , , 
run_36_repetition_2,TODO,distilbert/distilgpt2,prompt_36, , , , , , , , , , , , , , , , , , , , , , 
run_62_repetition_1,TODO,google/flan-t5-base,prompt_19, , , , , , , , , , , , , , , , , , , , , , 
run_161_repetition_0,TODO,facebook/blenderbot-400M-distill,prompt_32, , , , , , , , , , , , , , , , , , , , , , 
run_96_repetition_0,TODO,huggingface/CodeBERTa-small-v1,prompt_10, , , , , , , , , , , , , , , , , , , , , , 
run_78_repetition_0,TODO,google/flan-t5-base,prompt_35, , , , , , , , , , , , , , , , , , , , , , 
run_45_repetition_0,TODO,google/flan-t5-base,prompt_2, , , , , , , , , , , , , , , , , , , , , , 
run_149_repetition_2,TODO,facebook/blenderbot-400M-distill,prompt_20, , , , , , , , , , , , , , , , , , , , , , 
run_67_repetition_0,TODO,google/flan-t5-base,prompt_24, , , , , , , , , , , , , , , , , , , , , , 
run_9_repetition_2,TODO,distilbert/distilgpt2,prompt_9, , , , , , , , , , , , , , , , , , , , , , 
run_156_repetition_1,TODO,facebook/blenderbot-400M-distill,prompt_27, , , , , , , , , , , , , , , , , , , , , , 
run_80_repetition_1,TODO,google/flan-t5-base,prompt_37, , , , , , , , , , , , , , , , , , , , , , 
run_140_repetition_2,TODO,facebook/blenderbot-400M-distill,prompt_11, , , , , , , , , , , , , , , , , , , , , , 
run_90_repetition_1,TODO,huggingface/CodeBERTa-small-v1,prompt_4, , , , , , , , , , , , , , , , , , , , , , 
run_22_repetition_0,TODO,distilbert/distilgpt2,prompt_22, , , , , , , , , , , , , , , , , , , , , , 
run_39_repetition_1,TODO,distilbert/distilgpt2,prompt_39, , , , , , , , , , , , , , , , , , , , , , 
run_120_repetition_0,TODO,huggingface/CodeBERTa-small-v1,prompt_34, , , , , , , , , , , , , , , , , , , , , , 
run_55_repetition_0,TODO,google/flan-t5-base,prompt_12, , , , , , , , , , , , , , , , , , , , , , 
run_15_repetition_0,TODO,distilbert/distilgpt2,prompt_15, , , , , , , , , , , , , , , , , , , , , , 
run_141_repetition_1,TODO,facebook/blenderbot-400M-distill,prompt_12, , , , , , , , , , , , , , , , , , , , , , 
run_45_repetition_2,TODO,google/flan-t5-base,prompt_2, , , , , , , , , , , , , , , , , , , , , , 
run_140_repetition_0,TODO,facebook/blenderbot-400M-distill,prompt_11, , , , , , , , , , , , , , , , , , , , , , 
run_169_repetition_1,TODO,facebook/blenderbot-400M-distill,prompt_40, , , , , , , , , , , , , , , , , , , , , , 
run_165_repetition_2,TODO,facebook/blenderbot-400M-distill,prompt_36, , , , , , , , , , , , , , , , , , , , , , 
run_155_repetition_2,TODO,facebook/blenderbot-400M-distill,prompt_26, , , , , , , , , , , , , , , , , , , , , , 
run_50_repetition_1,TODO,google/flan-t5-base,prompt_7, , , , , , , , , , , , , , , , , , , , , , 
run_125_repetition_0,TODO,huggingface/CodeBERTa-small-v1,prompt_39, , , , , , , , , , , , , , , , , , , , , , 
run_25_repetition_2,TODO,distilbert/distilgpt2,prompt_25, , , , , , , , , , , , , , , , , , , , , , 
run_62_repetition_0,TODO,google/flan-t5-base,prompt_19, , , , , , , , , , , , , , , , , , , , , , 
run_160_repetition_1,TODO,facebook/blenderbot-400M-distill,prompt_31, , , , , , , , , , , , , , , , , , , , , , 
run_91_repetition_1,TODO,huggingface/CodeBERTa-small-v1,prompt_5, , , , , , , , , , , , , , , , , , , , , , 
run_165_repetition_1,TODO,facebook/blenderbot-400M-distill,prompt_36, , , , , , , , , , , , , , , , , , , , , , 
run_77_repetition_2,TODO,google/flan-t5-base,prompt_34, , , , , , , , , , , , , , , , , , , , , , 
run_35_repetition_1,TODO,distilbert/distilgpt2,prompt_35, , , , , , , , , , , , , , , , , , , , , , 
run_37_repetition_0,TODO,distilbert/distilgpt2,prompt_37, , , , , , , , , , , , , , , , , , , , , , 
run_92_repetition_1,TODO,huggingface/CodeBERTa-small-v1,prompt_6, , , , , , , , , , , , , , , , , , , , , , 
run_83_repetition_1,TODO,google/flan-t5-base,prompt_40, , , , , , , , , , , , , , , , , , , , , , 
run_26_repetition_1,TODO,distilbert/distilgpt2,prompt_26, , , , , , , , , , , , , , , , , , , , , , 
run_125_repetition_2,TODO,huggingface/CodeBERTa-small-v1,prompt_39, , , , , , , , , , , , , , , , , , , , , , 
run_96_repetition_2,TODO,huggingface/CodeBERTa-small-v1,prompt_10, , , , , , , , , , , , , , , , , , , , , , 
run_84_repetition_2,TODO,google/flan-t5-base,prompt_41, , , , , , , , , , , , , , , , , , , , , , 
run_95_repetition_0,TODO,huggingface/CodeBERTa-small-v1,prompt_9, , , , , , , , , , , , , , , , , , , , , , 
run_170_repetition_1,TODO,facebook/blenderbot-400M-distill,prompt_41, , , , , , , , , , , , , , , , , , , , , , 
run_1_repetition_1,TODO,distilbert/distilgpt2,prompt_1, , , , , , , , , , , , , , , , , , , , , , 
run_78_repetition_1,TODO,google/flan-t5-base,prompt_35, , , , , , , , , , , , , , , , , , , , , , 
run_26_repetition_0,TODO,distilbert/distilgpt2,prompt_26, , , , , , , , , , , , , , , , , , , , , , 
run_171_repetition_1,TODO,facebook/blenderbot-400M-distill,prompt_42, , , , , , , , , , , , , , , , , , , , , , 
run_170_repetition_0,TODO,facebook/blenderbot-400M-distill,prompt_41, , , , , , , , , , , , , , , , , , , , , , 
run_25_repetition_1,TODO,distilbert/distilgpt2,prompt_25, , , , , , , , , , , , , , , , , , , , , , 
run_124_repetition_2,TODO,huggingface/CodeBERTa-small-v1,prompt_38, , , , , , , , , , , , , , , , , , , , , , 
run_23_repetition_1,TODO,distilbert/distilgpt2,prompt_23, , , , , , , , , , , , , , , , , , , , , , 
run_4_repetition_2,TODO,distilbert/distilgpt2,prompt_4, , , , , , , , , , , , , , , , , , , , , , 
run_164_repetition_1,TODO,facebook/blenderbot-400M-distill,prompt_35, , , , , , , , , , , , , , , , , , , , , , 
run_38_repetition_2,TODO,distilbert/distilgpt2,prompt_38, , , , , , , , , , , , , , , , , , , , , , 
run_46_repetition_2,TODO,google/flan-t5-base,prompt_3, , , , , , , , , , , , , , , , , , , , , , 
run_131_repetition_1,TODO,facebook/blenderbot-400M-distill,prompt_2, , , , , , , , , , , , , , , , , , , , , , 
run_156_repetition_2,TODO,facebook/blenderbot-400M-distill,prompt_27, , , , , , , , , , , , , , , , , , , , , , 
run_143_repetition_0,TODO,facebook/blenderbot-400M-distill,prompt_14, , , , , , , , , , , , , , , , , , , , , , 
run_95_repetition_2,TODO,huggingface/CodeBERTa-small-v1,prompt_9, , , , , , , , , , , , , , , , , , , , , , 
run_33_repetition_0,TODO,distilbert/distilgpt2,prompt_33, , , , , , , , , , , , , , , , , , , , , , 
run_98_repetition_0,TODO,huggingface/CodeBERTa-small-v1,prompt_12, , , , , , , , , , , , , , , , , , , , , , 
run_7_repetition_1,TODO,distilbert/distilgpt2,prompt_7, , , , , , , , , , , , , , , , , , , , , , 
run_130_repetition_0,TODO,facebook/blenderbot-400M-distill,prompt_1, , , , , , , , , , , , , , , , , , , , , , 
run_56_repetition_2,TODO,google/flan-t5-base,prompt_13, , , , , , , , , , , , , , , , , , , , , , 
run_61_repetition_0,TODO,google/flan-t5-base,prompt_18, , , , , , , , , , , , , , , , , , , , , , 
run_138_repetition_1,TODO,facebook/blenderbot-400M-distill,prompt_9, , , , , , , , , , , , , , , , , , , , , , 
run_166_repetition_0,TODO,facebook/blenderbot-400M-distill,prompt_37, , , , , , , , , , , , , , , , , , , , , , 
run_37_repetition_2,TODO,distilbert/distilgpt2,prompt_37, , , , , , , , , , , , , , , , , , , , , , 
run_12_repetition_0,TODO,distilbert/distilgpt2,prompt_12, , , , , , , , , , , , , , , , , , , , , , 
run_25_repetition_0,TODO,distilbert/distilgpt2,prompt_25, , , , , , , , , , , , , , , , , , , , , , 
run_119_repetition_2,TODO,huggingface/CodeBERTa-small-v1,prompt_33, , , , , , , , , , , , , , , , , , , , , , 
run_73_repetition_1,TODO,google/flan-t5-base,prompt_30, , , , , , , , , , , , , , , , , , , , , , 
run_9_repetition_0,TODO,distilbert/distilgpt2,prompt_9, , , , , , , , , , , , , , , , , , , , , , 
run_54_repetition_1,TODO,google/flan-t5-base,prompt_11, , , , , , , , , , , , , , , , , , , , , , 
run_144_repetition_0,TODO,facebook/blenderbot-400M-distill,prompt_15, , , , , , , , , , , , , , , , , , , , , , 
run_113_repetition_1,TODO,huggingface/CodeBERTa-small-v1,prompt_27, , , , , , , , , , , , , , , , , , , , , , 
run_81_repetition_1,TODO,google/flan-t5-base,prompt_38, , , , , , , , , , , , , , , , , , , , , , 
run_159_repetition_1,TODO,facebook/blenderbot-400M-distill,prompt_30, , , , , , , , , , , , , , , , , , , , , , 
run_79_repetition_1,TODO,google/flan-t5-base,prompt_36, , , , , , , , , , , , , , , , , , , , , , 
run_61_repetition_1,TODO,google/flan-t5-base,prompt_18, , , , , , , , , , , , , , , , , , , , , , 
run_130_repetition_1,TODO,facebook/blenderbot-400M-distill,prompt_1, , , , , , , , , , , , , , , , , , , , , , 
run_153_repetition_2,TODO,facebook/blenderbot-400M-distill,prompt_24, , , , , , , , , , , , , , , , , , , , , , 
run_98_repetition_1,TODO,huggingface/CodeBERTa-small-v1,prompt_12, , , , , , , , , , , , , , , , , , , , , , 
run_124_repetition_0,TODO,huggingface/CodeBERTa-small-v1,prompt_38, , , , , , , , , , , , , , , , , , , , , , 
run_35_repetition_2,TODO,distilbert/distilgpt2,prompt_35, , , , , , , , , , , , , , , , , , , , , , 
run_32_repetition_0,TODO,distilbert/distilgpt2,prompt_32, , , , , , , , , , , , , , , , , , , , , , 
run_171_repetition_2,TODO,facebook/blenderbot-400M-distill,prompt_42, , , , , , , , , , , , , , , , , , , , , , 
run_43_repetition_2,TODO,google/flan-t5-base,prompt_0, , , , , , , , , , , , , , , , , , , , , , 
run_8_repetition_0,TODO,distilbert/distilgpt2,prompt_8, , , , , , , , , , , , , , , , , , , , , , 
run_121_repetition_0,TODO,huggingface/CodeBERTa-small-v1,prompt_35, , , , , , , , , , , , , , , , , , , , , , 
run_12_repetition_2,TODO,distilbert/distilgpt2,prompt_12, , , , , , , , , , , , , , , , , , , , , , 
run_134_repetition_0,TODO,facebook/blenderbot-400M-distill,prompt_5, , , , , , , , , , , , , , , , , , , , , , 
run_98_repetition_2,TODO,huggingface/CodeBERTa-small-v1,prompt_12, , , , , , , , , , , , , , , , , , , , , , 
run_21_repetition_0,TODO,distilbert/distilgpt2,prompt_21, , , , , , , , , , , , , , , , , , , , , , 
run_133_repetition_2,TODO,facebook/blenderbot-400M-distill,prompt_4, , , , , , , , , , , , , , , , , , , , , , 
run_33_repetition_2,TODO,distilbert/distilgpt2,prompt_33, , , , , , , , , , , , , , , , , , , , , , 
run_30_repetition_1,TODO,distilbert/distilgpt2,prompt_30, , , , , , , , , , , , , , , , , , , , , , 
run_102_repetition_0,TODO,huggingface/CodeBERTa-small-v1,prompt_16, , , , , , , , , , , , , , , , , , , , , , 
run_2_repetition_2,TODO,distilbert/distilgpt2,prompt_2, , , , , , , , , , , , , , , , , , , , , , 
run_117_repetition_0,TODO,huggingface/CodeBERTa-small-v1,prompt_31, , , , , , , , , , , , , , , , , , , , , , 
run_110_repetition_1,TODO,huggingface/CodeBERTa-small-v1,prompt_24, , , , , , , , , , , , , , , , , , , , , , 
run_50_repetition_2,TODO,google/flan-t5-base,prompt_7, , , , , , , , , , , , , , , , , , , , , , 
run_86_repetition_0,TODO,huggingface/CodeBERTa-small-v1,prompt_0, , , , , , , , , , , , , , , , , , , , , , 
run_102_repetition_2,TODO,huggingface/CodeBERTa-small-v1,prompt_16, , , , , , , , , , , , , , , , , , , , , , 
run_86_repetition_1,TODO,huggingface/CodeBERTa-small-v1,prompt_0, , , , , , , , , , , , , , , , , , , , , , 
run_157_repetition_1,TODO,facebook/blenderbot-400M-distill,prompt_28, , , , , , , , , , , , , , , , , , , , , , 
run_120_repetition_1,TODO,huggingface/CodeBERTa-small-v1,prompt_34, , , , , , , , , , , , , , , , , , , , , , 
run_3_repetition_2,TODO,distilbert/distilgpt2,prompt_3, , , , , , , , , , , , , , , , , , , , , , 
run_131_repetition_2,TODO,facebook/blenderbot-400M-distill,prompt_2, , , , , , , , , , , , , , , , , , , , , , 
run_51_repetition_2,TODO,google/flan-t5-base,prompt_8, , , , , , , , , , , , , , , , , , , , , , 
run_40_repetition_0,TODO,distilbert/distilgpt2,prompt_40, , , , , , , , , , , , , , , , , , , , , , 
run_36_repetition_1,TODO,distilbert/distilgpt2,prompt_36, , , , , , , , , , , , , , , , , , , , , , 
run_73_repetition_2,TODO,google/flan-t5-base,prompt_30, , , , , , , , , , , , , , , , , , , , , , 
run_114_repetition_2,TODO,huggingface/CodeBERTa-small-v1,prompt_28, , , , , , , , , , , , , , , , , , , , , , 
run_82_repetition_2,TODO,google/flan-t5-base,prompt_39, , , , , , , , , , , , , , , , , , , , , , 
run_15_repetition_1,TODO,distilbert/distilgpt2,prompt_15, , , , , , , , , , , , , , , , , , , , , , 
run_129_repetition_1,TODO,facebook/blenderbot-400M-distill,prompt_0, , , , , , , , , , , , , , , , , , , , , , 
run_122_repetition_2,TODO,huggingface/CodeBERTa-small-v1,prompt_36, , , , , , , , , , , , , , , , , , , , , , 
run_75_repetition_0,TODO,google/flan-t5-base,prompt_32, , , , , , , , , , , , , , , , , , , , , , 
run_11_repetition_2,TODO,distilbert/distilgpt2,prompt_11, , , , , , , , , , , , , , , , , , , , , , 
run_44_repetition_2,TODO,google/flan-t5-base,prompt_1, , , , , , , , , , , , , , , , , , , , , , 
run_79_repetition_2,TODO,google/flan-t5-base,prompt_36, , , , , , , , , , , , , , , , , , , , , , 
run_148_repetition_1,TODO,facebook/blenderbot-400M-distill,prompt_19, , , , , , , , , , , , , , , , , , , , , , 
run_53_repetition_0,TODO,google/flan-t5-base,prompt_10, , , , , , , , , , , , , , , , , , , , , , 
run_109_repetition_1,TODO,huggingface/CodeBERTa-small-v1,prompt_23, , , , , , , , , , , , , , , , , , , , , , 
run_93_repetition_2,TODO,huggingface/CodeBERTa-small-v1,prompt_7, , , , , , , , , , , , , , , , , , , , , , 
run_46_repetition_0,TODO,google/flan-t5-base,prompt_3, , , , , , , , , , , , , , , , , , , , , , 
run_69_repetition_0,TODO,google/flan-t5-base,prompt_26, , , , , , , , , , , , , , , , , , , , , , 
run_47_repetition_2,TODO,google/flan-t5-base,prompt_4, , , , , , , , , , , , , , , , , , , , , , 
run_167_repetition_1,TODO,facebook/blenderbot-400M-distill,prompt_38, , , , , , , , , , , , , , , , , , , , , , 
run_123_repetition_1,TODO,huggingface/CodeBERTa-small-v1,prompt_37, , , , , , , , , , , , , , , , , , , , , , 
run_64_repetition_1,TODO,google/flan-t5-base,prompt_21, , , , , , , , , , , , , , , , , , , , , , 
run_18_repetition_1,TODO,distilbert/distilgpt2,prompt_18, , , , , , , , , , , , , , , , , , , , , , 
run_138_repetition_2,TODO,facebook/blenderbot-400M-distill,prompt_9, , , , , , , , , , , , , , , , , , , , , , 
run_4_repetition_1,TODO,distilbert/distilgpt2,prompt_4, , , , , , , , , , , , , , , , , , , , , , 
run_116_repetition_2,TODO,huggingface/CodeBERTa-small-v1,prompt_30, , , , , , , , , , , , , , , , , , , , , , 
run_97_repetition_1,TODO,huggingface/CodeBERTa-small-v1,prompt_11, , , , , , , , , , , , , , , , , , , , , , 
run_42_repetition_2,TODO,distilbert/distilgpt2,prompt_42, , , , , , , , , , , , , , , , , , , , , , 
run_88_repetition_2,TODO,huggingface/CodeBERTa-small-v1,prompt_2, , , , , , , , , , , , , , , , , , , , , , 
run_18_repetition_0,TODO,distilbert/distilgpt2,prompt_18, , , , , , , , , , , , , , , , , , , , , , 
run_20_repetition_1,TODO,distilbert/distilgpt2,prompt_20, , , , , , , , , , , , , , , , , , , , , , 
run_164_repetition_2,TODO,facebook/blenderbot-400M-distill,prompt_35, , , , , , , , , , , , , , , , , , , , , , 
run_171_repetition_0,TODO,facebook/blenderbot-400M-distill,prompt_42, , , , , , , , , , , , , , , , , , , , , , 
run_118_repetition_0,TODO,huggingface/CodeBERTa-small-v1,prompt_32, , , , , , , , , , , , , , , , , , , , , , 
run_112_repetition_0,TODO,huggingface/CodeBERTa-small-v1,prompt_26, , , , , , , , , , , , , , , , , , , , , , 
run_103_repetition_1,TODO,huggingface/CodeBERTa-small-v1,prompt_17, , , , , , , , , , , , , , , , , , , , , , 
run_164_repetition_0,TODO,facebook/blenderbot-400M-distill,prompt_35, , , , , , , , , , , , , , , , , , , , , , 
run_132_repetition_2,TODO,facebook/blenderbot-400M-distill,prompt_3, , , , , , , , , , , , , , , , , , , , , , 
run_68_repetition_2,TODO,google/flan-t5-base,prompt_25, , , , , , , , , , , , , , , , , , , , , , 
run_140_repetition_1,TODO,facebook/blenderbot-400M-distill,prompt_11, , , , , , , , , , , , , , , , , , , , , , 
run_105_repetition_1,TODO,huggingface/CodeBERTa-small-v1,prompt_19, , , , , , , , , , , , , , , , , , , , , , 
run_97_repetition_2,TODO,huggingface/CodeBERTa-small-v1,prompt_11, , , , , , , , , , , , , , , , , , , , , , 
run_23_repetition_0,TODO,distilbert/distilgpt2,prompt_23, , , , , , , , , , , , , , , , , , , , , , 
run_6_repetition_2,TODO,distilbert/distilgpt2,prompt_6, , , , , , , , , , , , , , , , , , , , , , 
run_149_repetition_1,TODO,facebook/blenderbot-400M-distill,prompt_20, , , , , , , , , , , , , , , , , , , , , , 
run_6_repetition_1,TODO,distilbert/distilgpt2,prompt_6, , , , , , , , , , , , , , , , , , , , , , 
run_152_repetition_2,TODO,facebook/blenderbot-400M-distill,prompt_23, , , , , , , , , , , , , , , , , , , , , , 
run_92_repetition_2,TODO,huggingface/CodeBERTa-small-v1,prompt_6, , , , , , , , , , , , , , , , , , , , , , 
run_70_repetition_2,TODO,google/flan-t5-base,prompt_27, , , , , , , , , , , , , , , , , , , , , , 
run_52_repetition_0,TODO,google/flan-t5-base,prompt_9, , , , , , , , , , , , , , , , , , , , , , 
run_69_repetition_2,TODO,google/flan-t5-base,prompt_26, , , , , , , , , , , , , , , , , , , , , , 
run_30_repetition_2,TODO,distilbert/distilgpt2,prompt_30, , , , , , , , , , , , , , , , , , , , , , 
run_70_repetition_1,TODO,google/flan-t5-base,prompt_27, , , , , , , , , , , , , , , , , , , , , , 
run_155_repetition_1,TODO,facebook/blenderbot-400M-distill,prompt_26, , , , , , , , , , , , , , , , , , , , , , 
run_147_repetition_2,TODO,facebook/blenderbot-400M-distill,prompt_18, , , , , , , , , , , , , , , , , , , , , , 
run_77_repetition_1,TODO,google/flan-t5-base,prompt_34, , , , , , , , , , , , , , , , , , , , , , 
run_126_repetition_1,TODO,huggingface/CodeBERTa-small-v1,prompt_40, , , , , , , , , , , , , , , , , , , , , , 
run_5_repetition_1,TODO,distilbert/distilgpt2,prompt_5, , , , , , , , , , , , , , , , , , , , , , 
run_126_repetition_2,TODO,huggingface/CodeBERTa-small-v1,prompt_40, , , , , , , , , , , , , , , , , , , , , , 
run_154_repetition_0,TODO,facebook/blenderbot-400M-distill,prompt_25, , , , , , , , , , , , , , , , , , , , , , 
run_145_repetition_1,TODO,facebook/blenderbot-400M-distill,prompt_16, , , , , , , , , , , , , , , , , , , , , , 
run_135_repetition_0,TODO,facebook/blenderbot-400M-distill,prompt_6, , , , , , , , , , , , , , , , , , , , , , 
run_55_repetition_2,TODO,google/flan-t5-base,prompt_12, , , , , , , , , , , , , , , , , , , , , , 
run_132_repetition_0,TODO,facebook/blenderbot-400M-distill,prompt_3, , , , , , , , , , , , , , , , , , , , , , 
run_158_repetition_0,TODO,facebook/blenderbot-400M-distill,prompt_29, , , , , , , , , , , , , , , , , , , , , , 
run_44_repetition_0,TODO,google/flan-t5-base,prompt_1, , , , , , , , , , , , , , , , , , , , , , 
run_84_repetition_0,TODO,google/flan-t5-base,prompt_41, , , , , , , , , , , , , , , , , , , , , , 
run_8_repetition_2,TODO,distilbert/distilgpt2,prompt_8, , , , , , , , , , , , , , , , , , , , , , 
run_100_repetition_0,TODO,huggingface/CodeBERTa-small-v1,prompt_14, , , , , , , , , , , , , , , , , , , , , , 
run_62_repetition_2,TODO,google/flan-t5-base,prompt_19, , , , , , , , , , , , , , , , , , , , , , 
run_78_repetition_2,TODO,google/flan-t5-base,prompt_35, , , , , , , , , , , , , , , , , , , , , , 
run_103_repetition_2,TODO,huggingface/CodeBERTa-small-v1,prompt_17, , , , , , , , , , , , , , , , , , , , , , 
run_60_repetition_1,TODO,google/flan-t5-base,prompt_17, , , , , , , , , , , , , , , , , , , , , , 
run_89_repetition_1,TODO,huggingface/CodeBERTa-small-v1,prompt_3, , , , , , , , , , , , , , , , , , , , , , 
run_127_repetition_1,TODO,huggingface/CodeBERTa-small-v1,prompt_41, , , , , , , , , , , , , , , , , , , , , , 
run_142_repetition_1,TODO,facebook/blenderbot-400M-distill,prompt_13, , , , , , , , , , , , , , , , , , , , , , 
run_70_repetition_0,TODO,google/flan-t5-base,prompt_27, , , , , , , , , , , , , , , , , , , , , , 
run_24_repetition_2,TODO,distilbert/distilgpt2,prompt_24, , , , , , , , , , , , , , , , , , , , , , 
run_121_repetition_2,TODO,huggingface/CodeBERTa-small-v1,prompt_35, , , , , , , , , , , , , , , , , , , , , , 
run_88_repetition_0,TODO,huggingface/CodeBERTa-small-v1,prompt_2, , , , , , , , , , , , , , , , , , , , , , 
run_37_repetition_1,TODO,distilbert/distilgpt2,prompt_37, , , , , , , , , , , , , , , , , , , , , , 
run_10_repetition_2,TODO,distilbert/distilgpt2,prompt_10, , , , , , , , , , , , , , , , , , , , , , 
run_126_repetition_0,TODO,huggingface/CodeBERTa-small-v1,prompt_40, , , , , , , , , , , , , , , , , , , , , , 
run_17_repetition_0,TODO,distilbert/distilgpt2,prompt_17, , , , , , , , , , , , , , , , , , , , , , 
run_124_repetition_1,TODO,huggingface/CodeBERTa-small-v1,prompt_38, , , , , , , , , , , , , , , , , , , , , , 
run_40_repetition_2,TODO,distilbert/distilgpt2,prompt_40, , , , , , , , , , , , , , , , , , , , , , 
run_104_repetition_1,TODO,huggingface/CodeBERTa-small-v1,prompt_18, , , , , , , , , , , , , , , , , , , , , , 
run_3_repetition_1,TODO,distilbert/distilgpt2,prompt_3, , , , , , , , , , , , , , , , , , , , , , 
run_61_repetition_2,TODO,google/flan-t5-base,prompt_18, , , , , , , , , , , , , , , , , , , , , , 
run_129_repetition_2,TODO,facebook/blenderbot-400M-distill,prompt_0, , , , , , , , , , , , , , , , , , , , , , 
run_65_repetition_1,TODO,google/flan-t5-base,prompt_22, , , , , , , , , , , , , , , , , , , , , , 
run_81_repetition_2,TODO,google/flan-t5-base,prompt_38, , , , , , , , , , , , , , , , , , , , , , 
run_169_repetition_0,TODO,facebook/blenderbot-400M-distill,prompt_40, , , , , , , , , , , , , , , , , , , , , , 
run_69_repetition_1,TODO,google/flan-t5-base,prompt_26, , , , , , , , , , , , , , , , , , , , , , 
run_97_repetition_0,TODO,huggingface/CodeBERTa-small-v1,prompt_11, , , , , , , , , , , , , , , , , , , , , , 
run_75_repetition_2,TODO,google/flan-t5-base,prompt_32, , , , , , , , , , , , , , , , , , , , , , 
run_120_repetition_2,TODO,huggingface/CodeBERTa-small-v1,prompt_34, , , , , , , , , , , , , , , , , , , , , , 
run_117_repetition_2,TODO,huggingface/CodeBERTa-small-v1,prompt_31, , , , , , , , , , , , , , , , , , , , , , 
run_112_repetition_1,TODO,huggingface/CodeBERTa-small-v1,prompt_26, , , , , , , , , , , , , , , , , , , , , , 
run_47_repetition_1,TODO,google/flan-t5-base,prompt_4, , , , , , , , , , , , , , , , , , , , , , 
run_149_repetition_0,TODO,facebook/blenderbot-400M-distill,prompt_20, , , , , , , , , , , , , , , , , , , , , , 
run_20_repetition_2,TODO,distilbert/distilgpt2,prompt_20, , , , , , , , , , , , , , , , , , , , , , 
run_95_repetition_1,TODO,huggingface/CodeBERTa-small-v1,prompt_9, , , , , , , , , , , , , , , , , , , , , , 
run_115_repetition_2,TODO,huggingface/CodeBERTa-small-v1,prompt_29, , , , , , , , , , , , , , , , , , , , , , 
run_107_repetition_2,TODO,huggingface/CodeBERTa-small-v1,prompt_21, , , , , , , , , , , , , , , , , , , , , , 
run_119_repetition_0,TODO,huggingface/CodeBERTa-small-v1,prompt_33, , , , , , , , , , , , , , , , , , , , , , 
run_32_repetition_2,TODO,distilbert/distilgpt2,prompt_32, , , , , , , , , , , , , , , , , , , , , , 
run_82_repetition_0,TODO,google/flan-t5-base,prompt_39, , , , , , , , , , , , , , , , , , , , , , 
run_147_repetition_1,TODO,facebook/blenderbot-400M-distill,prompt_18, , , , , , , , , , , , , , , , , , , , , , 
run_167_repetition_2,TODO,facebook/blenderbot-400M-distill,prompt_38, , , , , , , , , , , , , , , , , , , , , , 
run_50_repetition_0,TODO,google/flan-t5-base,prompt_7, , , , , , , , , , , , , , , , , , , , , , 
run_67_repetition_2,TODO,google/flan-t5-base,prompt_24, , , , , , , , , , , , , , , , , , , , , , 
run_106_repetition_0,TODO,huggingface/CodeBERTa-small-v1,prompt_20, , , , , , , , , , , , , , , , , , , , , , 
run_152_repetition_1,TODO,facebook/blenderbot-400M-distill,prompt_23, , , , , , , , , , , , , , , , , , , , , , 
run_87_repetition_2,TODO,huggingface/CodeBERTa-small-v1,prompt_1, , , , , , , , , , , , , , , , , , , , , , 
run_33_repetition_1,TODO,distilbert/distilgpt2,prompt_33, , , , , , , , , , , , , , , , , , , , , , 
run_31_repetition_0,TODO,distilbert/distilgpt2,prompt_31, , , , , , , , , , , , , , , , , , , , , , 
run_55_repetition_1,TODO,google/flan-t5-base,prompt_12, , , , , , , , , , , , , , , , , , , , , , 
run_145_repetition_2,TODO,facebook/blenderbot-400M-distill,prompt_16, , , , , , , , , , , , , , , , , , , , , , 
run_111_repetition_2,TODO,huggingface/CodeBERTa-small-v1,prompt_25, , , , , , , , , , , , , , , , , , , , , , 
run_65_repetition_0,TODO,google/flan-t5-base,prompt_22, , , , , , , , , , , , , , , , , , , , , , 
run_32_repetition_1,TODO,distilbert/distilgpt2,prompt_32, , , , , , , , , , , , , , , , , , , , , , 
run_155_repetition_0,TODO,facebook/blenderbot-400M-distill,prompt_26, , , , , , , , , , , , , , , , , , , , , , 
run_38_repetition_1,TODO,distilbert/distilgpt2,prompt_38, , , , , , , , , , , , , , , , , , , , , , 
run_151_repetition_2,TODO,facebook/blenderbot-400M-distill,prompt_22, , , , , , , , , , , , , , , , , , , , , , 
run_151_repetition_0,TODO,facebook/blenderbot-400M-distill,prompt_22, , , , , , , , , , , , , , , , , , , , , , 
run_99_repetition_2,TODO,huggingface/CodeBERTa-small-v1,prompt_13, , , , , , , , , , , , , , , , , , , , , , 
run_19_repetition_2,TODO,distilbert/distilgpt2,prompt_19, , , , , , , , , , , , , , , , , , , , , , 
run_0_repetition_1,TODO,distilbert/distilgpt2,prompt_0, , , , , , , , , , , , , , , , , , , , , , 
run_104_repetition_2,TODO,huggingface/CodeBERTa-small-v1,prompt_18, , , , , , , , , , , , , , , , , , , , , , 
run_134_repetition_1,TODO,facebook/blenderbot-400M-distill,prompt_5, , , , , , , , , , , , , , , , , , , , , , 
run_57_repetition_2,TODO,google/flan-t5-base,prompt_14, , , , , , , , , , , , , , , , , , , , , , 
run_41_repetition_0,TODO,distilbert/distilgpt2,prompt_41, , , , , , , , , , , , , , , , , , , , , , 
run_112_repetition_2,TODO,huggingface/CodeBERTa-small-v1,prompt_26, , , , , , , , , , , , , , , , , , , , , , 
run_58_repetition_0,TODO,google/flan-t5-base,prompt_15, , , , , , , , , , , , , , , , , , , , , , 
run_21_repetition_2,TODO,distilbert/distilgpt2,prompt_21, , , , , , , , , , , , , , , , , , , , , , 
run_136_repetition_1,TODO,facebook/blenderbot-400M-distill,prompt_7, , , , , , , , , , , , , , , , , , , , , , 
run_141_repetition_0,TODO,facebook/blenderbot-400M-distill,prompt_12, , , , , , , , , , , , , , , , , , , , , , 
run_105_repetition_2,TODO,huggingface/CodeBERTa-small-v1,prompt_19, , , , , , , , , , , , , , , , , , , , , , 
run_137_repetition_1,TODO,facebook/blenderbot-400M-distill,prompt_8, , , , , , , , , , , , , , , , , , , , , , 
run_145_repetition_0,TODO,facebook/blenderbot-400M-distill,prompt_16, , , , , , , , , , , , , , , , , , , , , , 
run_5_repetition_0,TODO,distilbert/distilgpt2,prompt_5, , , , , , , , , , , , , , , , , , , , , , 
run_153_repetition_0,TODO,facebook/blenderbot-400M-distill,prompt_24, , , , , , , , , , , , , , , , , , , , , , 
run_1_repetition_0,TODO,distilbert/distilgpt2,prompt_1, , , , , , , , , , , , , , , , , , , , , , 
run_7_repetition_0,TODO,distilbert/distilgpt2,prompt_7, , , , , , , , , , , , , , , , , , , , , , 
run_29_repetition_2,TODO,distilbert/distilgpt2,prompt_29, , , , , , , , , , , , , , , , , , , , , , 
run_16_repetition_0,TODO,distilbert/distilgpt2,prompt_16, , , , , , , , , , , , , , , , , , , , , , 
run_144_repetition_1,TODO,facebook/blenderbot-400M-distill,prompt_15, , , , , , , , , , , , , , , , , , , , , , 
run_0_repetition_0,TODO,distilbert/distilgpt2,prompt_0, , , , , , , , , , , , , , , , , , , , , , 
run_64_repetition_2,TODO,google/flan-t5-base,prompt_21, , , , , , , , , , , , , , , , , , , , , , 
run_28_repetition_0,TODO,distilbert/distilgpt2,prompt_28, , , , , , , , , , , , , , , , , , , , , , 
run_159_repetition_0,TODO,facebook/blenderbot-400M-distill,prompt_30, , , , , , , , , , , , , , , , , , , , , , 
run_19_repetition_0,TODO,distilbert/distilgpt2,prompt_19, , , , , , , , , , , , , , , , , , , , , , 
run_109_repetition_0,TODO,huggingface/CodeBERTa-small-v1,prompt_23, , , , , , , , , , , , , , , , , , , , , , 
run_89_repetition_0,TODO,huggingface/CodeBERTa-small-v1,prompt_3, , , , , , , , , , , , , , , , , , , , , , 
run_83_repetition_2,TODO,google/flan-t5-base,prompt_40, , , , , , , , , , , , , , , , , , , , , , 
run_85_repetition_2,TODO,google/flan-t5-base,prompt_42, , , , , , , , , , , , , , , , , , , , , , 
run_104_repetition_0,TODO,huggingface/CodeBERTa-small-v1,prompt_18, , , , , , , , , , , , , , , , , , , , , , 
run_118_repetition_1,TODO,huggingface/CodeBERTa-small-v1,prompt_32, , , , , , , , , , , , , , , , , , , , , , 
run_137_repetition_0,TODO,facebook/blenderbot-400M-distill,prompt_8, , , , , , , , , , , , , , , , , , , , , , 
run_19_repetition_1,TODO,distilbert/distilgpt2,prompt_19, , , , , , , , , , , , , , , , , , , , , , 
run_74_repetition_2,TODO,google/flan-t5-base,prompt_31, , , , , , , , , , , , , , , , , , , , , , 
run_150_repetition_2,TODO,facebook/blenderbot-400M-distill,prompt_21, , , , , , , , , , , , , , , , , , , , , , 
run_100_repetition_1,TODO,huggingface/CodeBERTa-small-v1,prompt_14, , , , , , , , , , , , , , , , , , , , , , 
run_162_repetition_1,TODO,facebook/blenderbot-400M-distill,prompt_33, , , , , , , , , , , , , , , , , , , , , , 
run_93_repetition_1,TODO,huggingface/CodeBERTa-small-v1,prompt_7, , , , , , , , , , , , , , , , , , , , , , 
run_18_repetition_2,TODO,distilbert/distilgpt2,prompt_18, , , , , , , , , , , , , , , , , , , , , , 
run_133_repetition_0,TODO,facebook/blenderbot-400M-distill,prompt_4, , , , , , , , , , , , , , , , , , , , , , 
run_54_repetition_0,TODO,google/flan-t5-base,prompt_11, , , , , , , , , , , , , , , , , , , , , , 
run_128_repetition_2,TODO,huggingface/CodeBERTa-small-v1,prompt_42, , , , , , , , , , , , , , , , , , , , , , 
run_91_repetition_0,TODO,huggingface/CodeBERTa-small-v1,prompt_5, , , , , , , , , , , , , , , , , , , , , , 
run_54_repetition_2,TODO,google/flan-t5-base,prompt_11, , , , , , , , , , , , , , , , , , , , , , 
run_72_repetition_2,TODO,google/flan-t5-base,prompt_29, , , , , , , , , , , , , , , , , , , , , , 
run_58_repetition_1,TODO,google/flan-t5-base,prompt_15, , , , , , , , , , , , , , , , , , , , , , 
run_115_repetition_0,TODO,huggingface/CodeBERTa-small-v1,prompt_29, , , , , , , , , , , , , , , , , , , , , , 
run_59_repetition_2,TODO,google/flan-t5-base,prompt_16, , , , , , , , , , , , , , , , , , , , , , 
run_41_repetition_2,TODO,distilbert/distilgpt2,prompt_41, , , , , , , , , , , , , , , , , , , , , , 
run_100_repetition_2,TODO,huggingface/CodeBERTa-small-v1,prompt_14, , , , , , , , , , , , , , , , , , , , , , 
run_135_repetition_1,TODO,facebook/blenderbot-400M-distill,prompt_6, , , , , , , , , , , , , , , , , , , , , , 
run_143_repetition_2,TODO,facebook/blenderbot-400M-distill,prompt_14, , , , , , , , , , , , , , , , , , , , , , 
run_12_repetition_1,TODO,distilbert/distilgpt2,prompt_12, , , , , , , , , , , , , , , , , , , , , , 
run_116_repetition_0,TODO,huggingface/CodeBERTa-small-v1,prompt_30, , , , , , , , , , , , , , , , , , , , , , 
run_107_repetition_0,TODO,huggingface/CodeBERTa-small-v1,prompt_21, , , , , , , , , , , , , , , , , , , , , , 
run_168_repetition_2,TODO,facebook/blenderbot-400M-distill,prompt_39, , , , , , , , , , , , , , , , , , , , , , 
run_118_repetition_2,TODO,huggingface/CodeBERTa-small-v1,prompt_32, , , , , , , , , , , , , , , , , , , , , , 
run_9_repetition_1,TODO,distilbert/distilgpt2,prompt_9, , , , , , , , , , , , , , , , , , , , , , 
run_51_repetition_0,TODO,google/flan-t5-base,prompt_8, , , , , , , , , , , , , , , , , , , , , , 
run_24_repetition_1,TODO,distilbert/distilgpt2,prompt_24, , , , , , , , , , , , , , , , , , , , , , 
run_133_repetition_1,TODO,facebook/blenderbot-400M-distill,prompt_4, , , , , , , , , , , , , , , , , , , , , , 
run_160_repetition_2,TODO,facebook/blenderbot-400M-distill,prompt_31, , , , , , , , , , , , , , , , , , , , , , 
run_101_repetition_0,TODO,huggingface/CodeBERTa-small-v1,prompt_15, , , , , , , , , , , , , , , , , , , , , , 
run_137_repetition_2,TODO,facebook/blenderbot-400M-distill,prompt_8, , , , , , , , , , , , , , , , , , , , , , 
run_82_repetition_1,TODO,google/flan-t5-base,prompt_39, , , , , , , , , , , , , , , , , , , , , , 
run_80_repetition_0,TODO,google/flan-t5-base,prompt_37, , , , , , , , , , , , , , , , , , , , , , 
run_159_repetition_2,TODO,facebook/blenderbot-400M-distill,prompt_30, , , , , , , , , , , , , , , , , , , , , , 
run_52_repetition_2,TODO,google/flan-t5-base,prompt_9, , , , , , , , , , , , , , , , , , , , , , 
run_77_repetition_0,TODO,google/flan-t5-base,prompt_34, , , , , , , , , , , , , , , , , , , , , , 
run_92_repetition_0,TODO,huggingface/CodeBERTa-small-v1,prompt_6, , , , , , , , , , , , , , , , , , , , , , 
run_161_repetition_1,TODO,facebook/blenderbot-400M-distill,prompt_32, , , , , , , , , , , , , , , , , , , , , , 
run_87_repetition_0,TODO,huggingface/CodeBERTa-small-v1,prompt_1, , , , , , , , , , , , , , , , , , , , , , 
run_60_repetition_0,TODO,google/flan-t5-base,prompt_17, , , , , , , , , , , , , , , , , , , , , , 
run_22_repetition_2,TODO,distilbert/distilgpt2,prompt_22, , , , , , , , , , , , , , , , , , , , , , 
run_136_repetition_0,TODO,facebook/blenderbot-400M-distill,prompt_7, , , , , , , , , , , , , , , , , , , , , , 
run_21_repetition_1,TODO,distilbert/distilgpt2,prompt_21, , , , , , , , , , , , , , , , , , , , , , 
run_128_repetition_0,TODO,huggingface/CodeBERTa-small-v1,prompt_42, , , , , , , , , , , , , , , , , , , , , , 
run_29_repetition_1,TODO,distilbert/distilgpt2,prompt_29, , , , , , , , , , , , , , , , , , , , , , 
run_2_repetition_0,TODO,distilbert/distilgpt2,prompt_2, , , , , , , , , , , , , , , , , , , , , , 
run_110_repetition_2,TODO,huggingface/CodeBERTa-small-v1,prompt_24, , , , , , , , , , , , , , , , , , , , , , 
run_53_repetition_2,TODO,google/flan-t5-base,prompt_10, , , , , , , , , , , , , , , , , , , , , , 
run_107_repetition_1,TODO,huggingface/CodeBERTa-small-v1,prompt_21, , , , , , , , , , , , , , , , , , , , , , 
run_156_repetition_0,TODO,facebook/blenderbot-400M-distill,prompt_27, , , , , , , , , , , , , , , , , , , , , , 
run_73_repetition_0,TODO,google/flan-t5-base,prompt_30, , , , , , , , , , , , , , , , , , , , , , 
run_130_repetition_2,TODO,facebook/blenderbot-400M-distill,prompt_1, , , , , , , , , , , , , , , , , , , , , , 
run_160_repetition_0,TODO,facebook/blenderbot-400M-distill,prompt_31, , , , , , , , , , , , , , , , , , , , , , 
run_115_repetition_1,TODO,huggingface/CodeBERTa-small-v1,prompt_29, , , , , , , , , , , , , , , , , , , , , , 
run_14_repetition_2,TODO,distilbert/distilgpt2,prompt_14, , , , , , , , , , , , , , , , , , , , , , 
run_49_repetition_2,TODO,google/flan-t5-base,prompt_6, , , , , , , , , , , , , , , , , , , , , , 
run_48_repetition_2,TODO,google/flan-t5-base,prompt_5, , , , , , , , , , , , , , , , , , , , , , 
run_27_repetition_0,TODO,distilbert/distilgpt2,prompt_27, , , , , , , , , , , , , , , , , , , , , , 
run_71_repetition_0,TODO,google/flan-t5-base,prompt_28, , , , , , , , , , , , , , , , , , , , , , 
run_43_repetition_1,TODO,google/flan-t5-base,prompt_0, , , , , , , , , , , , , , , , , , , , , , 
run_169_repetition_2,TODO,facebook/blenderbot-400M-distill,prompt_40, , , , , , , , , , , , , , , , , , , , , , 
run_170_repetition_2,TODO,facebook/blenderbot-400M-distill,prompt_41, , , , , , , , , , , , , , , , , , , , , , 
run_138_repetition_0,TODO,facebook/blenderbot-400M-distill,prompt_9, , , , , , , , , , , , , , , , , , , , , , 
run_41_repetition_1,TODO,distilbert/distilgpt2,prompt_41, , , , , , , , , , , , , , , , , , , , , , 
run_26_repetition_2,TODO,distilbert/distilgpt2,prompt_26, , , , , , , , , , , , , , , , , , , , , , 
run_52_repetition_1,TODO,google/flan-t5-base,prompt_9, , , , , , , , , , , , , , , , , , , , , , 
run_153_repetition_1,TODO,facebook/blenderbot-400M-distill,prompt_24, , , , , , , , , , , , , , , , , , , , , , 
run_123_repetition_2,TODO,huggingface/CodeBERTa-small-v1,prompt_37, , , , , , , , , , , , , , , , , , , , , , 
run_122_repetition_0,TODO,huggingface/CodeBERTa-small-v1,prompt_36, , , , , , , , , , , , , , , , , , , , , , 
run_116_repetition_1,TODO,huggingface/CodeBERTa-small-v1,prompt_30, , , , , , , , , , , , , , , , , , , , , , 
run_59_repetition_0,TODO,google/flan-t5-base,prompt_16, , , , , , , , , , , , , , , , , , , , , , 
run_131_repetition_0,TODO,facebook/blenderbot-400M-distill,prompt_2, , , , , , , , , , , , , , , , , , , , , , 
run_83_repetition_0,TODO,google/flan-t5-base,prompt_40, , , , , , , , , , , , , , , , , , , , , , 
run_15_repetition_2,TODO,distilbert/distilgpt2,prompt_15, , , , , , , , , , , , , , , , , , , , , , 
run_3_repetition_0,TODO,distilbert/distilgpt2,prompt_3, , , , , , , , , , , , , , , , , , , , , , 
run_110_repetition_0,TODO,huggingface/CodeBERTa-small-v1,prompt_24, , , , , , , , , , , , , , , , , , , , , , 
run_49_repetition_1,TODO,google/flan-t5-base,prompt_6, , , , , , , , , , , , , , , , , , , , , , 
run_5_repetition_2,TODO,distilbert/distilgpt2,prompt_5, , , , , , , , , , , , , , , , , , , , , , 
run_17_repetition_2,TODO,distilbert/distilgpt2,prompt_17, , , , , , , , , , , , , , , , , , , , , , 
run_122_repetition_1,TODO,huggingface/CodeBERTa-small-v1,prompt_36, , , , , , , , , , , , , , , , , , , , , , 
run_106_repetition_1,TODO,huggingface/CodeBERTa-small-v1,prompt_20, , , , , , , , , , , , , , , , , , , , , , 
run_139_repetition_1,TODO,facebook/blenderbot-400M-distill,prompt_10, , , , , , , , , , , , , , , , , , , , , , 
run_123_repetition_0,TODO,huggingface/CodeBERTa-small-v1,prompt_37, , , , , , , , , , , , , , , , , , , , , , 
run_146_repetition_1,TODO,facebook/blenderbot-400M-distill,prompt_17, , , , , , , , , , , , , , , , , , , , , , 
run_151_repetition_1,TODO,facebook/blenderbot-400M-distill,prompt_22, , , , , , , , , , , , , , , , , , , , , , 
run_108_repetition_2,TODO,huggingface/CodeBERTa-small-v1,prompt_22, , , , , , , , , , , , , , , , , , , , , , 
run_56_repetition_0,TODO,google/flan-t5-base,prompt_13, , , , , , , , , , , , , , , , , , , , , , 
run_111_repetition_1,TODO,huggingface/CodeBERTa-small-v1,prompt_25, , , , , , , , , , , , , , , , , , , , , , 
run_7_repetition_2,TODO,distilbert/distilgpt2,prompt_7, , , , , , , , , , , , , , , , , , , , , , 
